<?xml version="1.0" encoding="UTF-8"?>
<!DOCTYPE suite SYSTEM "http://testng.org/testng-1.0.dtd">
<suite name="Suite">
  <test thread-count="5" name="Test">
    <classes>
      <class name="com.annotations.Order"/>
      <class name="com.annotations.ParamwithExcel"/>
      <class name="com.annotations.HardAssert"/>
      <class name="com.annotations.SoftAssertEx"/>
      <class name="com.annotations.Param"/>
      <class name="com.annotations.AnotherWayToTeststfail"/>
      <class name="com.annotations.TestAnnot"/>
      <class name="com.annotations.ReadingFromExcelFiles"/>
    </classes>
  </test> <!-- Test -->
</suite> <!-- Suite -->
